name_ru	name_eng	date	vote
Лето'85 (2020)	Été 85	14.12.2020, 20:57	7
То, что её заводит (2011)	Få meg på, for faen	13.12.2020, 18:55	4
Да, боже, да (2019)	Yes, God, Yes	12.12.2020, 19:03	6
Кошка о девяти хвостах (1970)	Il Gatto a nove code	12.12.2020, 01:07	6
Мы призываем тьму (2019)	We Summon the Darkness	10.12.2020, 23:05	6
Пять кукол для августовской луны (1970)	5 bambole per la luna d'agosto	10.12.2020, 01:05	6
Неистовый (2020)	Unhinged	06.12.2020, 23:16	7
Дьяболик (1968)	Diabolik	05.12.2020, 19:57	7
28 дней спустя (2002)	28 Days Later...	28.11.2020, 21:02	7
Гнездо (2019)	The Nest	21.11.2020, 18:18	7
Четыре мухи на сером бархате (1971)	4 mosche di velluto grigio	18.11.2020, 22:50	6
Ведьмы (2020)	The Witches	17.11.2020, 23:22	7
Отступники (2006)	The Departed	15.11.2020, 22:46	8
Я очень возбужден (2013)	Los amantes pasajeros	15.11.2020, 02:53	7
Твин Пикс: Сквозь огонь (1992)	Twin Peaks: Fire Walk with Me	10.11.2020, 23:33	7
Призраки войны (2020)	Ghosts of War	02.11.2020, 23:27	6
Реальные упыри (2014)	What We Do in the Shadows	31.10.2020, 09:43	7
Типа крутые легавые (2007)	Hot Fuzz	27.10.2020, 23:07	8
Борат 2 (2020)	Borat: Gift of Pornographic Monkey to Vice Premiere Mikhael Pence to Make Benefit Recently Diminished Nation of Kazakhstan	25.10.2020, 22:23	8
Борат (2006)	Borat: Cultural Learnings of America for Make Benefit Glorious Nation of Kazakhstan	25.10.2020, 20:08	8
После прочтения сжечь (2008)	Burn After Reading	24.10.2020, 23:10	8
Дьявол всегда здесь (2020)	The Devil All the Time	24.10.2020, 10:56	7
Жасмин (2013)	Blue Jasmine	18.10.2020, 22:10	7
Джейн Эйр (2011)	Jane Eyre	17.10.2020, 23:46	6
Остров проклятых (2009)	Shutter Island	17.10.2020, 23:44	8
Римские приключения (2012)	To Rome with Love	14.10.2020, 23:02	8
Мечта Кассандры (2007)	Cassandra's Dream	13.10.2020, 22:15	7
Дорога (2009)	The Road	11.10.2020, 20:31	7
Бей в барабан медленно (1973)	Bang the Drum Slowly	10.10.2020, 21:48	6
Молочные зубы (2019)	Babyteeth	08.10.2020, 23:57	7
Твин Пикс (сериал, 1990 – 1991)	Twin Peaks	06.10.2020, 22:37	8
Шоссе в никуда (1996)	Lost Highway	06.10.2020, 22:36	8
Весна на Заречной улице (1956)	 	05.10.2020, 00:18	7
Престиж (2006)	The Prestige	06.09.2020, 23:58	8
Довод (2020)	Tenet	05.09.2020, 19:25	7
Космополис (2012)	Cosmopolis	04.09.2020, 23:51	7
После полуночи (2019)	After Midnight	03.09.2020, 22:36	6
Город потерянных детей (1995)	La cité des enfants perdus	02.09.2020, 22:24	6
Воины (1979)	The Warriors	01.09.2020, 22:25	8
Гляди в оба (1975)	Gatti rossi in un labirinto di vetro	31.08.2020, 23:55	5
Горе-творец (2017)	The Disaster Artist	31.08.2020, 00:53	7
Призрак в доспехах (1995)	Kokaku kidotai	30.08.2020, 00:42	9
Транзит (2018)	Transit	29.08.2020, 23:55	6
Непрощенный (1992)	Unforgiven	28.08.2020, 23:33	8
Американский огурчик (2020)	An American Pickle	27.08.2020, 21:09	5
Сладкий и гадкий (1999)	Sweet and Lowdown	17.08.2020, 23:21	8
Будь что будет (2009)	Whatever Works	30.07.2020, 22:06	8
Дивный новый мир (сериал, 2020 – ...)	Brave New World	26.07.2020, 00:57	7
Зависнуть в Палм-Спрингс (2020)	Palm Springs	18.07.2020, 23:46	7
Бескрайняя ночь (2019)	The Vast of Night	11.07.2020, 00:16	7
В мае делай всё, что тебе нравится (2015)	En mai, fais ce qu'il te plaît	07.07.2020, 00:20	8
Тёмная башня (2017)	The Dark Tower	01.07.2020, 10:06	5
Мальчик по имени Ха (2013)	Shônen H	28.06.2020, 00:44	8
Светская жизнь (2016)	Café Society	28.06.2020, 00:44	8
Нормальные люди (мини-сериал, 2020)	Normal People	28.06.2020, 00:43	8
Брат 2 (2000)	 	28.06.2020, 00:43	9
Он – дракон (2015)	 	28.06.2020, 00:34	5
Комната (2003)	The Room	23.06.2020, 13:38	5
Люси (2014)	Lucy	23.06.2020, 13:25	7
Бэтмен против Супермена: На заре справедливости (2016)	Batman v Superman: Dawn of Justice	23.06.2020, 13:24	8
В диких условиях (2007)	Into the Wild	23.06.2020, 13:23	8
Баллада Бастера Скраггса (2018)	The Ballad of Buster Scruggs	23.06.2020, 13:23	8
Маленькие женщины (2019)	Little Women	23.06.2020, 13:22	8
Колыма – родина нашего страха (2019)	 	23.06.2020, 13:22	8
Звёздные войны: Эпизод 3 – Месть Ситхов (2005)	Star Wars: Episode III - Revenge of the Sith	23.06.2020, 13:22	8
Ла-Ла Ленд (2016)	La La Land	23.06.2020, 13:21	8
1917 (2019)	1917	23.06.2020, 13:19	8
Марта, Марси Мэй, Марлен (2011)	Martha Marcy May Marlene	21.06.2020, 23:36	6
Симон Вернер исчез... (2010)	Simon Werner a disparu...	19.06.2020, 23:55	6
Зеровилль (2019)	Zeroville	12.06.2020, 23:30	7
Рассвет мертвецов (1978)	Dawn of the Dead	10.06.2020, 23:07	7
Тайлер Рейк: Операция по спасению (2020)	Extraction	09.06.2020, 23:43	6
Синдром Стендаля (1996)	La sindrome di Stendhal	08.06.2020, 23:44	5
Пассажирка (1963)	Pasazerka	07.06.2020, 23:40	8
Феномен (1984)	Phenomena	06.06.2020, 22:13	6
Mon Guerlain: Notes of a Woman (2017)	 	06.06.2020, 00:51	8
Ужас в опере (1987)	Opera	05.06.2020, 22:31	8
Белые росы (1984)	 	05.06.2020, 19:58	8
вДудь (сериал, 2017 – ...)	 	05.06.2020, 01:07	8
ВИЧ в России (2020)	 	05.06.2020, 01:06	7
Беслан. Помни (2019)	 	05.06.2020, 01:06	9
Олег Табаков: как он воспитывал свободных людей (2018)	 	05.06.2020, 01:06	7
Сергей Бодров — главный русский супергерой (2017)	 	05.06.2020, 01:05	7
Циники (1991)	 	04.06.2020, 22:20	7
Без сна (2000)	Non ho sonno	03.06.2020, 23:01	7
Охота (2019)	The Hunt	02.06.2020, 21:07	8
Горькие слезы Петры Фон Кант (1972)	Die bitteren Tränen der Petra von Kant	31.05.2020, 21:34	6
Малышка на миллион (2004)	Million Dollar Baby	31.05.2020, 18:52	9
11:14 (2003)	11:14	31.05.2020, 17:44	7
Мосты округа Мэдисон (1995)	The Bridges of Madison County	31.05.2020, 13:08	8
Бартон Финк (1991)	Barton Fink	30.05.2020, 22:46	8
Мать слёз (2007)	La terza madre	29.05.2020, 23:01	6
Преисподняя (1979)	Inferno	28.05.2020, 23:28	6
Альпы (2011)	Alpeis	27.05.2020, 19:23	7
Птица с хрустальным оперением (1970)	L'uccello dalle piume di cristallo	26.05.2020, 23:07	7
Путешествие на Луну (1902)	Le Voyage dans la lune	26.05.2020, 12:50	8
Беги (сериал, 2020)	Run	26.05.2020, 00:19	8
Девушка в лабиринте (2019)	L'uomo del labirinto	25.05.2020, 22:52	6
Джалло (2008)	Giallo	24.05.2020, 22:41	6
Кровь и черные кружева (1964)	6 donne per l'assassino	23.05.2020, 22:57	7
Капоне. Лицо со шрамом (2020)	Capone	22.05.2020, 21:51	4
Чистота (сериал, 2019)	Pure	22.05.2020, 12:58	8
Человек-невидимка (2020)	The Invisible Man	20.05.2020, 23:17	8
Тригонометрия (сериал, 2020 – ...)	Trigonometry	20.05.2020, 17:49	7
Дневная красавица (1967)	Belle de jour	18.05.2020, 22:31	7
Конформист (1970)	Il conformista	16.05.2020, 23:19	8
Заговор против Америки (мини-сериал, 2020 – ...)	The Plot Against America	15.05.2020, 23:49	8
Один против всех (1998)	Seul contre tous	15.05.2020, 21:17	7
Германия, год нулевой (1948)	Germania anno zero	14.05.2020, 20:42	7
Извините, мы вас не застали (2019)	Sorry we missed you	13.05.2020, 22:52	8
Дрожь (1982)	Tenebre	11.05.2020, 23:50	8
Красная королева убивает семь раз (1972)	La dama rossa uccide sette volte	10.05.2020, 22:39	7
Дорогой мой человек (1958)	 	09.05.2020, 16:43	7
Проверка на дорогах (1971)	 	08.05.2020, 19:08	8
Эквилибриум (2002)	Equilibrium	08.05.2020, 00:56	8
Кроваво-красное (1975)	Profondo rosso	08.05.2020, 00:52	7
Плеть и тело (1963)	La frusta e il corpo	06.05.2020, 21:31	6
Умница Уилл Хантинг (1997)	Good Will Hunting	05.05.2020, 21:25	9
Девушка, которая слишком много знала (1963)	La ragazza che sapeva troppo	04.05.2020, 22:35	6
Суспирия (1977)	Suspiria	03.05.2020, 22:04	8
Паранойя (2007)	Disturbia	02.05.2020, 19:46	8
И повсюду тлеют пожары (мини-сериал, 2020)	Little Fires Everywhere	01.05.2020, 21:05	7
Нимфоманка: Часть 2 (2013)	Nymphomaniac: Vol. II	30.04.2020, 21:57	8
Нимфоманка: Часть 1 (2013)	Nymphomaniac: Vol. I	30.04.2020, 20:01	8
Безопасность не гарантируется (2012)	Safety Not Guaranteed	29.04.2020, 21:25	7
Фотоувеличение (1966)	Blowup	28.04.2020, 21:01	7
ДАУ. Наташа (2020)	DAU. Natasha	27.04.2020, 21:49	6
Очень странные дела (сериал, 2016 – ...)	Stranger Things	26.04.2020, 17:24	9
Годзилла 2: Король монстров (2019)	Godzilla: King of the Monsters	26.04.2020, 17:17	5
В поисках огня (2015)	Digging for Fire	25.04.2020, 22:46	7
Таксист (1976)	Taxi Driver	22.04.2020, 22:09	9
Вспоминая Титанов (2000)	Remember the Titans	21.04.2020, 23:28	8
Дружба и никакого секса? (2013)	The F Word	20.04.2020, 22:11	7
Терминатор (1984)	The Terminator	20.04.2020, 01:57	9
Безумный Пьеро (1965)	Pierrot le Fou	19.04.2020, 21:16	8
Июльский дождь (1966)	 	18.04.2020, 23:40	9
Никогда, редко, иногда, всегда (2020)	Never Rarely Sometimes Always	17.04.2020, 23:47	8
Ночь страха (2011)	Fright Night	16.04.2020, 21:38	7
Джей и Молчаливый Боб: Перезагрузка (2019)	Jay and Silent Bob Reboot	14.04.2020, 22:46	6
Нежная рука закона (2018)	En liberté!	13.04.2020, 23:02	7
Планета бурь (1961)	 	12.04.2020, 16:56	6
Adele: Hello (2015)	 	12.04.2020, 09:35	8
Честный человек (2018)	L'homme fidele	12.04.2020, 00:18	6
Долгое падение (2013)	A Long Way Down	11.04.2020, 16:49	7
Отель «Белград» (2020)	 	09.04.2020, 19:12	7
Никто не узнает (2004)	Dare mo shiranai	08.04.2020, 20:01	8
Комета (2014)	Comet	07.04.2020, 19:23	7
Иди и смотри (1985)	 	07.04.2020, 13:16	9
Заражение (2011)	Contagion	05.04.2020, 19:41	6
Ностальгия (1983)	Nostalghia	04.04.2020, 22:25	7
Царство красоты (2014)	Le règne de la beauté	03.04.2020, 23:56	5
Белоснежка. Сказка для взрослых (2019)	Blanche comme neige	03.04.2020, 22:26	3
Поцелуй меня (2011)	Kyss mig	02.04.2020, 23:10	6
Монти Пайтон и священный Грааль (1975)	Monty Python and the Holy Grail	02.04.2020, 15:26	10
На игле (1995)	Trainspotting	02.04.2020, 09:33	9
Реквием по мечте (2000)	Requiem for a Dream	02.04.2020, 09:28	8
Рэй (2004)	Ray	02.04.2020, 09:27	7
Экстаз (2018)	Climax	01.04.2020, 22:38	9
Плохие парни навсегда (2020)	Bad Boys for Life	01.04.2020, 18:01	7
Ночь живых мертвецов (1968)	Night of the Living Dead	31.03.2020, 20:12	7
Луна 2112 (2009)	Moon	30.03.2020, 22:38	7
Молодость (2015)	Youth	30.03.2020, 18:02	7
Джентльмены (2019)	The Gentlemen	29.03.2020, 20:50	8
Зеркало (1974)	 	27.03.2020, 23:34	9
Наркокурьер (2018)	The Mule	26.03.2020, 22:45	8
Про уродов и людей (1998)	 	24.03.2020, 23:20	6
Связь (сериал, 2018 – ...)	Bonding	23.03.2020, 23:46	7
Почему женщины убивают (сериал, 2019 – ...)	Why Women Kill	23.03.2020, 23:45	8
1+1 (2011)	Intouchables	23.03.2020, 21:23	8
Спрячь бабушку в холодильнике (2018)	Metti la nonna in freezer	19.03.2020, 21:00	7
Час волка (1968)	Vargtimmen	16.03.2020, 23:22	7
Седьмая печать (1957)	Det sjunde inseglet	16.03.2020, 00:13	8
Мальчик русский (2018)	 	13.03.2020, 09:30	6
Спи со мной (2005)	Lie with Me	11.03.2020, 22:38	7
Холли остается ночевать (2020)	Holly Slept Over	09.03.2020, 21:32	7
Ты (сериал, 2018 – ...)	You	07.03.2020, 23:59	8
Офицер и шпион (2019)	J'accuse	07.03.2020, 20:36	7
Трудности перевода (2003)	Lost in Translation	07.03.2020, 00:13	8
Просыпайся (2020)	Wake Up	04.03.2020, 16:47	6
Старикам тут не место (2007)	No Country for Old Men	04.03.2020, 09:19	7
Гран Торино (2008)	Gran Torino	02.03.2020, 23:46	8
Таинственная река (2003)	Mystic River	02.03.2020, 00:13	9
Человек, который изменил всё (2011)	Moneyball	01.03.2020, 01:03	8
Искупление (2007)	Atonement	29.02.2020, 00:28	7
Пушки Акимбо (2019)	Guns Akimbo	27.02.2020, 23:55	6
Курск (2018)	Kursk	25.02.2020, 23:31	7
Париж – это мы (2019)	Paris est à nous	24.02.2020, 23:46	7
Магазин единорогов (2017)	Unicorn Store	21.02.2020, 00:32	6
Американский пирог 2 (2001)	American Pie 2	16.02.2020, 11:33	8
Американский пирог (1999)	American Pie	16.02.2020, 01:31	8
Гравитация (2013)	Gravity	15.02.2020, 19:25	8
Куда приводят мечты (1998)	What Dreams May Come	14.02.2020, 23:52	7
Наездница (2020)	Horse Girl	14.02.2020, 09:31	6
Любовь (сериал, 2016 – 2018)	Love	05.02.2020, 23:03	7
К чему-то прекрасному (2010)	Till det som är vackert	03.02.2020, 22:53	6
Сияние (1980)	The Shining	02.02.2020, 20:46	8
Тайная жизнь (2019)	A Hidden Life	01.02.2020, 23:58	10
Неоконченная пьеса для механического пианино (1976)	 	28.01.2020, 22:01	7
Пешком-пешком (2008)	Aruitemo aruitemo	25.01.2020, 22:06	7
Сын в отца (2013)	Soshite chichi ni naru	25.01.2020, 17:25	8
Сладкая жизнь (1960)	La Dolce Vita	19.01.2020, 18:26	8
Мое прекрасное лето с Софи (2019)	Une fille facile	17.01.2020, 23:30	5
Простой карандаш (2019)	 	16.01.2020, 23:45	6
Новый Свет (2005)	The New World	13.01.2020, 23:15	8
Между нами музыка (2015)	Song to Song	13.01.2020, 21:55	9
Тонкая красная линия (1998)	The Thin Red Line	13.01.2020, 21:55	9
Дело Ричарда Джуэлла (2019)	Richard Jewell	12.01.2020, 22:54	7
Арахисовый сокол (2019)	The Peanut Butter Falcon	09.01.2020, 05:57	8
Молода и прекрасна (2013)	Jeune & jolie	08.01.2020, 19:34	7
Кролик Джоджо (2019)	Jojo Rabbit	08.01.2020, 11:22	8
Мандалорец (сериал, 2019 – ...)	The Mandalorian	06.01.2020, 16:54	8
Лев Яшин. Вратарь моей мечты (2019)	 	05.01.2020, 22:09	6
Мы (2019)	Us	04.01.2020, 22:51	7
Клео от 5 до 7 (1962)	Cléo de 5 à 7	04.01.2020, 00:01	8
Zомбилэнд: Контрольный выстрел (2019)	Zombieland: Double Tap	03.01.2020, 16:15	7
Взрослые игры (2017)	Flower	02.01.2020, 09:30	7
Бэйб был только один (1992)	The Babe	01.01.2020, 22:26	7
Картина красоты (2017)	Picture of Beauty	01.01.2020, 18:08	3
Верность (2019)	 	01.01.2020, 12:25	7
Маяк (2019)	The Lighthouse	29.12.2019, 23:44	7
Домой на Рождество (сериал, 2019)	Home for Christmas	27.12.2019, 00:54	7
Леди Бёрд (2017)	Lady Bird	21.12.2019, 19:19	8
Звёздные войны: Скайуокер. Восход (2019)	Star Wars: Episode IX - The Rise of Skywalker	19.12.2019, 23:46	8
Звёздные войны: Эпизод 1 – Скрытая угроза (1999)	Star Wars: Episode I - The Phantom Menace	19.12.2019, 23:41	7
Звёздные войны: Эпизод 2 – Атака клонов (2002)	Star Wars: Episode II - Attack of the Clones	19.12.2019, 23:41	7
Звёздные войны: Последние джедаи (2017)	Star Wars: Episode VIII - The Last Jedi	19.12.2019, 23:41	7
Звёздные войны: Пробуждение силы (2015)	Star Wars: Episode VII - The Force Awakens	19.12.2019, 23:41	8
Портрет девушки в огне (2019)	Portrait de la jeune fille en feu	16.12.2019, 23:36	6
Человек в высоком замке (сериал, 2015 – 2019)	The Man in the High Castle	15.12.2019, 21:45	8
Удовольствие (2013)	Pleasure	15.12.2019, 16:17	5
История о супружестве (2019)	Marriage Story	14.12.2019, 00:15	8
Yesterday (2019)	Yesterday	09.12.2019, 23:49	8
Оленья кожа (2019)	Le daim	09.12.2019, 23:48	7
Вивариум (2019)	Vivarium	02.12.2019, 07:24	7
Небо над Берлином (1987)	Der Himmel über Berlin	01.12.2019, 23:50	8
Сексуальная (2015)	Eroticism	28.11.2019, 08:15	8
Матиас и Максим (2019)	Matthias et Maxime	27.11.2019, 23:09	7
Мой друг Иван Лапшин (1984)	 	16.11.2019, 11:52	8
Эш против Зловещих мертвецов (сериал, 2015 – 2018)	Ash vs Evil Dead	16.11.2019, 01:11	7
Поймать вора (1954)	To Catch a Thief	03.11.2019, 01:51	7
Нож в сердце (2018)	Un couteau dans le coeur	26.10.2019, 20:51	4
Матч поинт (2005)	Match Point	25.10.2019, 22:38	8
Осенняя соната (1978)	Höstsonaten	21.10.2019, 20:08	8
Мысленный волк (2019)	 	17.10.2019, 13:27	7
Дождливый день в Нью-Йорке (2019)	A Rainy Day in New York	16.10.2019, 16:55	7
Маленькое красное платье (2018)	In Fabric	14.10.2019, 22:54	5
Матрица (1999)	The Matrix	14.10.2019, 21:50	8
Калина красная (1973)	 	14.10.2019, 21:49	8
Двадцать дней без войны (1976)	 	10.10.2019, 22:09	7
Эйфория (сериал, 2019)	Euphoria	07.10.2019, 20:46	7
Ты — воплощение порока (сериал, 2014 – 2019)	You're the Worst	06.10.2019, 00:06	6
Наблюдатель (1987)	 	05.10.2019, 16:59	6
Джокер (2019)	Joker	05.10.2019, 00:39	8
Doom: Аннигиляция (2019)	Doom: Annihilation	29.09.2019, 20:06	2
Класс, в котором был поросёнок (2008)	Buta ga ita kyôshitsu	28.09.2019, 16:07	6
Бакурау (2019)	Bacurau	22.09.2019, 13:10	6
Чудо (2011)	Kiseki	14.09.2019, 21:42	7
Мертвые не умирают (2019)	The Dead Don't Die	11.09.2019, 22:23	7
Сексуальные хроники французской семьи (2012)	Chroniques sexuelles d'une famille d'aujourd'hui	11.09.2019, 09:52	5
Оно 2 (2019)	It Chapter Two	06.09.2019, 23:26	8
Дни жатвы (1978)	Days of Heaven	30.08.2019, 22:36	8
К чуду (2012)	To the Wonder	24.08.2019, 00:54	8
Мобильный воин Гандам: Нарратив (2018)	Mobile Suit Gundam NT	21.08.2019, 08:17	6
Древо жизни (2010)	The Tree of Life	17.08.2019, 01:18	8
Однажды в… Голливуде (2019)	Once Upon a Time... in Hollywood	10.08.2019, 15:43	8
Шерлок Холмс (2009)	Sherlock Holmes	07.08.2019, 07:01	7
Пирсинг (2018)	Piercing	31.07.2019, 22:04	7
Покемон. Детектив Пикачу (2019)	Pokémon: Detective Pikachu	27.07.2019, 23:51	7
Пустоши (1973)	Badlands	25.07.2019, 22:51	7
Рыцарь кубков (2014)	Knight of Cups	21.07.2019, 22:41	8
Паразиты (2019)	Gisaengchung	21.07.2019, 00:00	9
4 (2004)	 	19.07.2019, 16:36	4
Солнцестояние (2019)	Midsommar	18.07.2019, 22:46	8
Порнократия (2003)	Anatomie de l'enfer	13.07.2019, 20:07	4
Море соблазна (2019)	Serenity	13.07.2019, 20:06	7
Балканский рубеж (2019)	 	11.07.2019, 23:46	6
Богемская рапсодия (2018)	Bohemian Rhapsody	11.07.2019, 23:45	5
Анна (2019)	Anna	11.07.2019, 16:47	6
Отель Мумбаи: Противостояние (2018)	Hotel Mumbai	09.07.2019, 18:05	7
Человек-паук: Вдали от дома (2019)	Spider-Man: Far from Home	04.07.2019, 19:04	7
Человек-паук: Возвращение домой (2017)	Spider-Man: Homecoming	04.07.2019, 01:15	6
Однажды в Стокгольме (2018)	Stockholm	02.07.2019, 18:12	7
Банда аутсайдеров (1964)	Bande à part	01.07.2019, 23:21	7
Пляжный бездельник (2017)	The Beach Bum	01.07.2019, 19:12	6
Большие глаза (2014)	Big Eyes	28.06.2019, 16:31	8
Залечь на дно в Брюгге (2007)	In Bruges	28.06.2019, 16:30	9
Магазинные воришки (2018)	Manbiki kazoku	25.06.2019, 01:19	8
Куриоса (2019)	Curiosa	23.06.2019, 23:32	5
Чернобыль (мини-сериал, 2019)	Chernobyl	23.06.2019, 13:51	6
Песчаный замок (1989)	Suna no ue no Robinson	17.06.2019, 22:47	6
Гори, гори, моя звезда (1969)	 	12.06.2019, 18:50	8
Мне двадцать лет (1964)	 	09.06.2019, 00:43	9
Вита и Вирджиния (2018)	Vita & Virginia	07.06.2019, 13:44	6
Дикая жизнь (2017)	Wildlife	02.06.2019, 23:08	8
Зеленая книга (2018)	Green Book	27.05.2019, 22:14	8
Игра престолов (сериал, 2011 – 2019)	Game of Thrones	21.05.2019, 00:34	9
Дрянь (сериал, 2016 – 2019)	Fleabag	20.05.2019, 01:02	8
Человек, который удивил всех (2018)	The Man Who Surprised Everyone	11.05.2019, 22:30	7
Клип (2012)	Klip	10.05.2019, 23:09	5
Летят журавли (1957)	 	09.05.2019, 22:49	10
Любовник на день (2017)	L'amant d'un jour	03.05.2019, 23:30	7
Грязь (2013)	Filth	03.05.2019, 21:07	9
Синонимы (2019)	Synonymes	03.05.2019, 21:07	7
Бруклин (2015)	Brooklyn	09.04.2019, 07:40	8
Любой ценой (2016)	Hell or High Water	09.04.2019, 07:40	8
Фаворитка (2018)	The Favourite	09.04.2019, 07:36	8
Меч короля Артура (2017)	King Arthur: Legend of the Sword	09.04.2019, 07:35	7
Фагот (2018)	 	09.04.2019, 07:35	7
Джей и Молчаливый Боб наносят ответный удар (2001)	Jay and Silent Bob Strike Back	09.04.2019, 07:35	8
Догма (1999)	Dogma	09.04.2019, 07:34	9
Крепкий орешек (1988)	Die Hard	09.04.2019, 07:34	9
Это мы (сериал, 2016 – ...)	This Is Us	09.04.2019, 07:34	8
Дюнкерк (2017)	Dunkirk	09.04.2019, 07:34	9
Нелюбовь (2017)	 	09.04.2019, 07:33	8
Кукольный дом (сериал, 2009 – 2010)	Dollhouse	09.04.2019, 07:33	8
Звёздные войны: Эпизод 4 – Новая надежда (1977)	Star Wars	09.04.2019, 07:33	9
Звёздные войны: Эпизод 6 – Возвращение Джедая (1983)	Star Wars: Episode VI - Return of the Jedi	09.04.2019, 07:33	9
Назад в будущее 3 (1990)	Back to the Future Part III	09.04.2019, 07:32	9
Солнечный удар (2014)	 	09.04.2019, 07:32	6
Гастролёры (сериал, 2016)	Roadies	09.04.2019, 07:31	8
Хан Соло: Звёздные войны. Истории (2018)	Solo: A Star Wars Story	09.04.2019, 07:31	8
С широко закрытыми глазами (1999)	Eyes Wide Shut	09.04.2019, 00:28	8
Жмурки (2005)	 	31.03.2019, 00:23	8
Две девицы на мели (сериал, 2011 – 2017)	2 Broke Girls	20.03.2019, 00:29	8
Две девицы на мели (сериал, 2019)	 	20.03.2019, 00:29	6
Их собственная лига (1992)	A League of Their Own	10.03.2019, 00:35	8
День патриота (2016)	Patriots Day	23.02.2019, 22:24	8
Девочка (2018)	Girl	12.02.2019, 00:20	7
Бархатная бензопила (2019)	Velvet Buzzsaw	09.02.2019, 00:40	7
В.Р. Мистерии организма (1971)	W.R. - Misterije organizma	29.01.2019, 23:54	7
Звезда родилась (2018)	A Star Is Born	29.01.2019, 23:12	6
Любовный случай, или Трагедия служащей почтово-телеграфного узла (1966)	Ljubavni slucaj ili tragedija sluzbenice P.T.T.	27.01.2019, 00:59	8
Человек не птица (1965)	Čovek nije tica	26.01.2019, 23:35	8
Безумный Макс: Дорога ярости (2015)	Mad Max: Fury Road	26.01.2019, 00:07	10
Персона (1966)	Persona	21.01.2019, 08:16	8
Стекло (2019)	Glass	18.01.2019, 22:49	7
Профессор Марстон и его Чудо-женщины (2017)	Professor Marston and the Wonder Women	17.01.2019, 23:45	7
Они никогда не станут старше (2018)	They Shall Not Grow Old	15.01.2019, 06:54	7
Все песни только о любви (2007)	Les chansons d'amour	12.01.2019, 23:56	7
Люсия и секс (2001)	Lucía y el sexo	12.01.2019, 19:12	8
Ба-бах! (2010)	Kaboom	12.01.2019, 15:23	3
Команда «А» (2010)	The A-Team	08.01.2019, 00:20	8
Ничего хорошего в отеле «Эль Рояль» (2018)	Bad Times at the El Royale	06.01.2019, 19:39	8
Тихое место (2018)	A Quiet Place	05.01.2019, 23:00	8
Праздник (2019)	 	04.01.2019, 22:09	6
Хищник (2018)	The Predator	03.01.2019, 21:42	5
Детки (1995)	Kids	03.01.2019, 17:42	4
Конченая (2018)	Terminal	02.01.2019, 23:53	7
Ты водишь! (2018)	Tag	02.01.2019, 23:52	6
Вечеринка только начинается (2018)	The Party's Just Beginning	02.01.2019, 23:52	6
Кислота (2018)	 	31.12.2018, 01:00	6
Ёлки 2 (2011)	 	31.12.2018, 00:59	5
Черный клановец (2018)	BlacKkKlansman	31.12.2018, 00:30	7
Охотник за головами (2010)	The Bounty Hunter	25.12.2018, 23:59	6
Художники и модели (1955)	Artists and Models	23.12.2018, 01:26	6
Кристофер Робин (2018)	Christopher Robin	15.12.2018, 00:33	8
Убийца 2. Против всех (2018)	Sicario 2: Soldado	21.10.2018, 22:34	5
Хэллоуин (2018)	Halloween	19.10.2018, 12:23	8
Человек на Луне (2018)	First Man	12.10.2018, 18:57	7
Веном (2018)	Venom	05.10.2018, 12:20	7
Мир Юрского периода 2 (2018)	Jurassic World: Fallen Kingdom	23.09.2018, 18:36	7
Апгрейд (2018)	Upgrade	02.09.2018, 18:16	6
Zомбоящик (2017)	 	28.07.2018, 22:29	3
Tomb Raider: Лара Крофт (2018)	Tomb Raider	25.07.2018, 23:25	6
Первому игроку приготовиться (2018)	Ready Player One	23.07.2018, 23:24	7
8 подруг Оушена (2018)	Ocean's Eight	23.07.2018, 23:04	7
Марадона (2008)	Maradona by Kusturica	23.07.2018, 22:59	7
Игра Джералда (2017)	Gerald's Game	02.07.2018, 10:19	7
Притяжение (2017)	 	11.06.2018, 09:03	5
Лето (2018)	 	11.06.2018, 09:01	7
Дэдпул 2 (2018)	Deadpool 2	27.05.2018, 23:09	8
Остров собак (2018)	Isle of Dogs	24.05.2018, 06:33	8
Аннигиляция (2017)	Annihilation	21.05.2018, 23:37	5
Груз 200 (2007)	 	20.05.2018, 21:36	8
Ночные игры (2018)	Game Night	13.05.2018, 21:08	8
Поезд на Париж (2018)	The 15:17 to Paris	11.05.2018, 21:39	7
Матч (2012)	 	10.05.2018, 19:17	5
Тоня против всех (2017)	I, Tonya	21.04.2018, 21:02	9
Домашняя работа (2011)	The Art of Getting By	15.04.2018, 19:53	6
Джуманджи: Зов джунглей (2017)	Jumanji: Welcome to the Jungle	01.04.2018, 18:37	8
Форма воды (2017)	The Shape of Water	30.03.2018, 23:49	8
Смерть Сталина (2017)	The Death of Stalin	25.02.2018, 22:27	6
Три билборда на границе Эббинга, Миссури (2017)	Three Billboards Outside Ebbing, Missouri	23.02.2018, 18:10	9
Лига справедливости (2017)	Justice League	16.02.2018, 22:18	8
Падение Ордена (сериал, 2017 – 2019)	Knightfall	13.02.2018, 00:22	8
Убийство священного оленя (2017)	The Killing of a Sacred Deer	02.02.2018, 22:16	7
Удача Логана (2017)	Logan Lucky	31.01.2018, 21:33	8
Ларс и настоящая девушка (2007)	Lars and the Real Girl	29.01.2018, 21:07	7
Субурбикон (2017)	Suburbicon	28.01.2018, 22:26	8
Движение вверх (2017)	 	28.01.2018, 19:42	8
Слизняк (2006)	Slither	26.01.2018, 20:02	5
Скука (1963)	La noia	25.01.2018, 23:03	7
Смерть в этом саду (1956)	La mort en ce jardin	21.01.2018, 23:34	7
Высшая лига (1989)	Major League	21.01.2018, 19:34	7
Ты – мне, я – тебе (2017)	Person to Person	17.01.2018, 23:41	7
11.22.63 (мини-сериал, 2016)	11.22.63	14.01.2018, 10:27	8
Горничная Линн (2014)	Das Zimmermädchen Lynn	13.01.2018, 18:25	5
Романс Х (1999)	Romance	12.01.2018, 23:21	6
Вышибала: Эпический замес (2016)	Goon: Last of the Enforcers	12.01.2018, 23:17	7
Вышибала (2011)	Goon	12.01.2018, 20:27	8
Ноябрьские преступники (2017)	November Criminals	11.01.2018, 21:59	5
Охотники за привидениями (2016)	Ghostbusters	10.01.2018, 23:29	7
Легенда №17 (2012)	 	09.01.2018, 20:54	6
Бен-Гур (2016)	Ben-Hur	09.01.2018, 01:23	6
Валериан и город тысячи планет (2017)	Valerian and the City of a Thousand Planets	08.01.2018, 21:22	7
Я люблю тебя, папочка (2017)	I Love You, Daddy	06.01.2018, 20:43	8
Пало-Альто (2013)	Palo Alto	05.01.2018, 12:52	7
Во всем виноват енот (2016)	Wakefield	03.01.2018, 22:42	7
Плохое сердце Бастера (2017)	Buster's Mal Heart	02.01.2018, 22:08	6
Сенсация (2006)	Scoop	31.12.2017, 19:31	9
Призрак в доспехах (2017)	Ghost in the Shell	30.12.2017, 21:50	8
Снеговик (2017)	The Snowman	30.12.2017, 21:49	5
Как Витька Чеснок вёз Лёху Штыря в дом инвалидов (2017)	 	20.12.2017, 22:42	7
Живое (2017)	Life	17.12.2017, 21:25	7
Медвежонок Бригсби (2017)	Brigsby Bear	19.11.2017, 22:45	8
Аритмия (2017)	 	18.11.2017, 23:55	9
Ингрид едет на Запад (2017)	Ingrid Goes West	12.11.2017, 21:14	7
Новизна (2017)	Newness	12.11.2017, 21:12	6
42 (2013)	42	03.11.2017, 23:14	7
Джиперс Криперс 3 (2017)	Jeepers Creepers 3	03.11.2017, 23:12	4
Бейсбольная лихорадка (2005)	Fever Pitch	08.10.2017, 21:18	8
Нерв (2016)	Nerve	08.10.2017, 21:17	6
Бегущий по лезвию 2049 (2017)	Blade Runner 2049	06.10.2017, 00:49	9
Очень плохие девчонки (2017)	Rough Night	22.09.2017, 21:56	7
Малыш на драйве (2017)	Baby Driver	22.09.2017, 17:37	7
Как организовать оргию в небольшом городке (2015)	How to Plan an Orgy in a Small Town	22.09.2017, 17:36	7
Сербский фильм (2010)	Srpski film	22.09.2017, 17:34	1
2pac: Легенда (2017)	All Eyez on Me	20.09.2017, 18:28	7
Оно (1990)	It	17.09.2017, 10:28	6
Оно (2017)	It	13.09.2017, 18:47	8
Чужой: Завет (2017)	Alien: Covenant	09.09.2017, 21:48	8
Полтора шпиона (2016)	Central Intelligence	09.09.2017, 21:45	7
Обитель зла: Вендетта (2017)	Resident Evil: Vendetta	09.09.2017, 21:42	5
Тетрадь смерти (2017)	Death Note	26.08.2017, 23:43	3
Т2 Трейнспоттинг (На игле 2) (2017)	T2 Trainspotting	30.07.2017, 18:40	7
Его собачье дело (2016)	Once Upon a Time in Venice	20.07.2017, 09:25	8
Черная кошка, белый кот (1998)	Crna mačka, beli mačor	15.07.2017, 20:27	9
Помнишь ли, Долли Белл? (1981)	Sjecas li se, Dolly Bell	10.07.2017, 22:47	7
Андеграунд (1995)	Underground	09.07.2017, 19:26	10
Завет (2007)	Zavet	08.07.2017, 21:09	9
По млечному пути (2016)	On the Milky Road	06.07.2017, 23:23	7
Елена (2011)	 	11.06.2017, 00:18	8
Чудо-женщина (2017)	Wonder Woman	04.06.2017, 23:04	7
Бесславные ублюдки (2009)	Inglourious Basterds	09.05.2017, 22:43	8
Смерть ей к лицу (1992)	Death Becomes Her	09.05.2017, 22:40	7
Золото (2016)	Gold	23.04.2017, 13:45	8
Сплит (2017)	Split	09.04.2017, 21:04	6
Почему он? (2016)	Why Him?	09.04.2017, 21:03	8
Обитель зла: Последняя глава (2016)	Resident Evil: The Final Chapter	09.04.2017, 20:59	2
Под покровом ночи (2016)	Nocturnal Animals	21.03.2017, 23:05	7
Свадебный угар (2016)	Mike and Dave Need Wedding Dates	20.03.2017, 23:00	7
Кредо убийцы (2016)	Assassin's Creed	12.03.2017, 23:39	6
О, где же ты, брат? (2000)	O Brother, Where Art Thou?	06.03.2017, 23:21	8
Йоганутые (2015)	Yoga Hosers	05.03.2017, 23:05	8
Капитан Фантастик (2016)	Captain Fantastic	01.03.2017, 23:19	7
Майор Гром (2017)	 	25.02.2017, 23:30	8
По соображениям совести (2016)	Hacksaw Ridge	08.02.2017, 23:34	7
Конь БоДжек (сериал, 2014 – 2020)	BoJack Horseman	05.02.2017, 19:51	9
День сурка (1993)	Groundhog Day	03.02.2017, 00:07	8
Полный расколбас (2016)	Sausage Party	02.02.2017, 01:11	7
Прибытие (2016)	Arrival	31.01.2017, 21:10	5
Расплата (2016)	The Accountant	16.01.2017, 00:10	7
Проще простого (сериал, 2016 – 2019)	Easy	13.01.2017, 14:07	6
Мисс Переполох (2014)	She's Funny That Way	13.01.2017, 14:04	7
Ведьма из Блэр: Новая глава (2016)	Blair Witch	05.01.2017, 12:13	6
Футбольные гладиаторы (2009)	Awaydays	02.01.2017, 20:33	7
Поп-звезда: не переставай, не останавливайся (2016)	Popstar: Never Stop Never Stopping	02.01.2017, 20:33	7
Изгой-один: Звёздные войны. Истории (2016)	Rogue One	18.12.2016, 16:27	9
Неоновый демон (2016)	The Neon Demon	30.09.2016, 22:27	8
Отмель (2016)	The Shallows	29.09.2016, 21:56	7
Безумный Макс 2: Воин дороги (1981)	Mad Max 2	22.09.2016, 21:58	8
Соседи. На тропе войны 2 (2016)	Neighbors 2: Sorority Rising	11.08.2016, 22:25	7
Славные парни (2016)	The Nice Guys	31.07.2016, 00:13	9
Монстро (2007)	Cloverfield	27.07.2016, 22:55	8
Экипаж (2016)	 	10.07.2016, 14:24	8
Зеленая комната (2015)	Green Room	08.07.2016, 22:25	7
Человек – швейцарский нож (2016)	Swiss Army Man	01.07.2016, 23:28	10
Хардкор (2016)	 	26.06.2016, 14:03	6
Фрэнк (2013)	Frank	12.06.2016, 15:05	7
13 часов: Тайные солдаты Бенгази (2015)	13 Hours	08.06.2016, 23:05	3
Ночи Кабирии (1957)	Le notti di Cabiria	02.06.2016, 13:04	7
Варкрафт (2016)	Warcraft	31.05.2016, 13:49	8
Братья из Гримсби (2016)	Grimsby	31.05.2016, 13:42	8
Музыкальный блог Доктора Ужасного (мини-сериал, 2008)	Dr. Horrible's Sing-Along Blog	20.05.2016, 22:39	8
Кловерфилд, 10 (2016)	10 Cloverfield Lane	20.05.2016, 22:36	8
Пациенты (2014)	 	14.05.2016, 01:27	7
Дождь сверху вниз (2008)	 	08.05.2016, 02:00	9
Уолл Стрит: Деньги не спят (2010)	Wall Street: Money Never Sleeps	07.05.2016, 02:29	6
Первый мститель: Противостояние (2016)	Captain America: Civil War	06.05.2016, 19:06	8
Заложница (2007)	Taken	06.05.2016, 02:18	7
Ведьма (2015)	The VVitch: A New-England Folktale	04.05.2016, 23:19	6
Да здравствует Цезарь! (2016)	Hail, Caesar!	28.04.2016, 23:34	7
Нарушая запреты (1999)	Tra(sgre)dire	27.04.2016, 00:11	6
Здравствуй, папа, Новый год! (2015)	Daddy's Home	24.04.2016, 21:08	7
Черные праздники (2015)	Holidays	20.04.2016, 23:14	7
Падение Лондона (2015)	London Has Fallen	19.04.2016, 22:40	5
Дедушка легкого поведения (2015)	Dirty Grandpa	17.04.2016, 23:00	8
Артист (2011)	The Artist	17.04.2016, 01:15	7
Три девятки (2015)	Triple 9	08.04.2016, 23:23	6
Виноваты звезды (2014)	The Fault in Our Stars	03.04.2016, 22:07	5
Хранилище 13 (сериал, 2009 – 2014)	Warehouse 13	03.04.2016, 00:49	8
Битва за огонь (1981)	La guerre du feu	02.04.2016, 01:46	7
День выборов 2 (2015)	 	01.04.2016, 22:19	7
Возвращение Супермена (2006)	Superman Returns	30.03.2016, 00:09	7
Мистер Робот (сериал, 2015 – 2019)	Mr. Robot	26.03.2016, 23:05	9
5-я волна (2016)	The 5th Wave	26.03.2016, 00:23	3
Зверополис (2016)	Zootopia	23.03.2016, 00:49	8
Джейн берет ружье (2015)	Jane Got a Gun	21.03.2016, 23:17	6
Убийца (2015)	Sicario	18.03.2016, 23:42	8
Холодная гора (2003)	Cold Mountain	16.03.2016, 23:56	9
Рождество (2015)	The Night Before	15.03.2016, 23:40	8
Иерей-сан. Исповедь самурая (2015)	 	13.03.2016, 21:26	7
Внутри Льюина Дэвиса (2012)	Inside Llewyn Davis	13.03.2016, 19:18	8
Игра на понижение (2015)	The Big Short	10.03.2016, 23:54	8
В центре внимания (2015)	Spotlight	07.03.2016, 20:10	7
Про Любовь (2015)	 	06.03.2016, 23:29	8
Омерзительная восьмерка (2015)	The Hateful Eight	06.03.2016, 00:42	9
1210 (2012)	 	05.03.2016, 01:29	8
Крадущийся тигр, затаившийся дракон: Меч судьбы (2015)	Crouching Tiger, Hidden Dragon: Sword of Destiny	03.03.2016, 23:08	7
Из машины (2014)	Ex Machina	01.03.2016, 23:40	8
Мистер Холмс (2015)	Mr. Holmes	28.02.2016, 22:29	8
В сердце моря (2015)	In the Heart of the Sea	26.02.2016, 23:45	7
Секретные материалы (сериал, 2015 – 2018)	The X-Files	24.02.2016, 23:36	8
Секретные материалы (сериал, 1993 – 2018)	The X Files	24.02.2016, 23:35	10
Дело № 306 (1956)	 	24.02.2016, 01:36	7
Пятьдесят оттенков черного (2016)	Fifty Shades of Black	23.02.2016, 23:16	4
Отличница лёгкого поведения (2010)	Easy A	21.02.2016, 23:44	7
Из Африки (1985)	Out of Africa	21.02.2016, 01:47	7
Туман (2005)	The Fog	20.02.2016, 02:03	6
Туман (1980)	The Fog	20.02.2016, 02:02	8
Друзья (сериал, 1994 – 2004)	Friends	20.02.2016, 01:53	9
Лунная афера (2015)	Moonwalkers	19.02.2016, 00:17	7
Краденое свидание (2015)	Man Up	19.02.2016, 00:16	8
Шпионский мост (2015)	Bridge of Spies	14.02.2016, 23:01	9
Снупи и мелочь пузатая в кино (2015)	The Peanuts Movie	14.02.2016, 22:58	8
Лобстер (2015)	The Lobster	13.02.2016, 21:18	7
Дэдпул (2016)	Deadpool	13.02.2016, 20:50	8
Чудо (2009)	 	13.02.2016, 02:01	7
Лес призраков (2015)	The Forest	12.02.2016, 22:46	3
Стив Джобс (2015)	Steve Jobs	09.02.2016, 23:45	6
Вылет задерживается (1974)	 	08.02.2016, 01:55	7
Комната страха (2002)	Panic Room	07.02.2016, 20:01	7
Девушка из Дании (2015)	The Danish Girl	06.02.2016, 20:09	7
Иваново детство (1962)	 	05.02.2016, 19:48	8
Миссия в Майами (2015)	Ride Along 2	03.02.2016, 23:22	5
Саранча (2013)	 	01.02.2016, 17:44	7
Россия 88 (2009)	 	01.02.2016, 16:45	8
Самый лучший день (2015)	 	31.01.2016, 23:34	7
Совместная поездка (2013)	Ride Along	31.01.2016, 23:32	6
Код Да Винчи (2006)	The Da Vinci Code	31.01.2016, 01:48	6
Голод (1983)	The Hunger	25.01.2016, 23:12	8
Судный день (2008)	Doomsday	24.01.2016, 23:33	4
Секретные материалы: Хочу верить (2008)	The X-Files: I Want to Believe	24.01.2016, 20:02	7
Привидение (1990)	Ghost	22.01.2016, 23:37	8
Подмена (2008)	Changeling	20.01.2016, 23:05	8
007: СПЕКТР (2015)	Spectre	19.01.2016, 22:59	7
Любовь без обязательств (2015)	Sleeping with Other People	18.01.2016, 22:52	2
Тринадцатая сказка (2013)	The Thirteenth Tale	18.01.2016, 22:45	6
Русалка (2007)	 	18.01.2016, 22:44	7
Страна ОЗ (2015)	 	17.01.2016, 21:15	8
Элизиум: Рай не на Земле (2013)	Elysium	17.01.2016, 16:25	7
Зов Ктулху (2005)	The Call of Cthulhu	16.01.2016, 22:38	7
Гарри Поттер и философский камень (2001)	Harry Potter and the Sorcerer's Stone	15.01.2016, 22:58	8
Бойфренд из будущего (2013)	About Time	14.01.2016, 22:48	8
Легенда (2015)	Legend	13.01.2016, 23:16	8
Хранители снов (2012)	Rise of the Guardians	13.01.2016, 23:15	8
Человек-муравей (2015)	Ant-Man	12.01.2016, 22:44	7
Оно (2014)	It Follows	11.01.2016, 23:20	7
Приключения Электроника (мини-сериал, 1979)	 	10.01.2016, 16:17	8
Черепашки-ниндзя (2014)	Teenage Mutant Ninja Turtles	10.01.2016, 00:23	6
Любовь (2015)	Love	09.01.2016, 21:41	6
Выживший (2015)	The Revenant	09.01.2016, 21:29	8
Новый Человек-паук: Высокое напряжение (2014)	The Amazing Spider-Man 2	09.01.2016, 01:40	6
Счастливого рождества, мистер Лоуренс (1982)	Merry Christmas Mr. Lawrence	08.01.2016, 23:10	8
Красавица и чудовище (2014)	La belle et la bête	07.01.2016, 01:01	6
Образцовый самец (2001)	Zoolander	07.01.2016, 00:57	6
Три плюс два (1963)	 	07.01.2016, 00:56	8
Шеф Адам Джонс (2015)	Burnt	04.01.2016, 17:41	7
Реальная любовь (2003)	Love Actually	04.01.2016, 00:07	9
Майор Пэйн (1995)	Major Payne	02.01.2016, 23:53	6
Ирония судьбы. Продолжение (2007)	 	02.01.2016, 23:52	5
Шерлок (сериал, 2010 – 2017)	Sherlock	02.01.2016, 01:48	9
Ирония судьбы, или С легким паром! (1975)	 	02.01.2016, 01:38	8
Вокзал для двоих (1982)	 	02.01.2016, 01:32	7
Эверест (2015)	Everest	28.12.2015, 23:10	8
Марсианин (2015)	The Martian	27.12.2015, 21:54	7
Нелепая шестёрка (2015)	The Ridiculous 6	19.12.2015, 13:30	5
Костяной томагавк (2015)	Bone Tomahawk	14.12.2015, 00:26	7
Прогулка (2015)	The Walk	11.12.2015, 01:02	6
Голос улиц (2015)	Straight Outta Compton	07.12.2015, 23:54	9
Всё могу (2015)	Absolutely Anything	29.11.2015, 22:57	8
Вне/себя (2015)	Self/less	27.11.2015, 00:21	8
Фанатик (2001)	The Believer	26.11.2015, 14:55	7
Выхода нет (2014)	No Escape	24.11.2015, 23:24	6
Лок (2013)	Locke	21.11.2015, 00:17	7
Стрингер (2013)	Nightcrawler	19.11.2015, 23:55	7
Голодные игры: Сойка-пересмешница. Часть II (2015)	The Hunger Games: Mockingjay - Part 2	19.11.2015, 23:53	7
Голодные игры: Сойка-пересмешница. Часть I (2014)	The Hunger Games: Mockingjay - Part 1	18.11.2015, 00:29	7
Голодные игры: И вспыхнет пламя (2013)	The Hunger Games: Catching Fire	17.11.2015, 00:22	6
Энни Холл (1977)	Annie Hall	15.11.2015, 01:54	7
Агенты А.Н.К.Л. (2015)	The Man from U.N.C.L.E.	05.11.2015, 23:06	8
Мешки для трупов (1993)	Body Bags	01.11.2015, 01:50	7
Секретные материалы: Борьба за будущее (1998)	The X Files	28.10.2015, 23:42	7
Миссия невыполнима: Племя изгоев (2015)	Mission: Impossible - Rogue Nation	26.10.2015, 00:04	7
Дрожь земли 5: Кровное родство (2015)	Tremors 5: Bloodlines	19.10.2015, 21:13	6
Убрать из друзей (2015)	Unfriended	11.10.2015, 20:50	4
Нарко (сериал, 2015 – 2017)	Narcos	11.10.2015, 01:52	9
Измены (сериал, 2015)	 	11.10.2015, 01:50	7
Алоха (2015)	Aloha	05.10.2015, 12:27	7
Земля будущего (2015)	Tomorrowland	25.09.2015, 23:16	7
Ультраамериканцы (2015)	American Ultra	21.09.2015, 23:18	6
Вики Кристина Барселона (2008)	Vicky Cristina Barcelona	17.09.2015, 19:05	8
Разлом Сан-Андреас (2015)	San Andreas	13.09.2015, 23:00	8
Корабль-призрак (2002)	Ghost Ship	12.09.2015, 17:03	6
История дельфина 2 (2014)	Dolphin Tale 2	12.09.2015, 00:11	7
Марли и я (2008)	Marley & Me	12.09.2015, 00:04	8
Мгла (2007)	The Mist	12.09.2015, 00:04	7
Захватывающее время (2013)	The Spectacular Now	11.09.2015, 10:51	7
История дельфина (2011)	Dolphin Tale	09.09.2015, 23:50	8
Мы – Миллеры (2013)	We're the Millers	06.09.2015, 16:53	8
Проект X: Дорвались (2012)	Project X	06.09.2015, 16:50	6
Иррациональный человек (2015)	Irrational Man	04.09.2015, 00:48	7
Мстители: Эра Альтрона (2015)	Avengers: Age of Ultron	24.08.2015, 00:15	7
Мордекай (2015)	Mortdecai	22.08.2015, 01:30	8
Бэйб: Четвероногий малыш (1995)	Babe	22.08.2015, 01:29	9
Этот неловкий момент (2014)	That Awkward Moment	20.08.2015, 23:34	8
Типа копы (2014)	Let's Be Cops	20.08.2015, 23:33	7
Одержимость (2013)	Whiplash	20.08.2015, 23:28	8
Совершенный мир (1993)	A Perfect World	14.08.2015, 19:06	8
Звёздные войны: Эпизод 5 – Империя наносит ответный удар (1980)	Star Wars: Episode V - The Empire Strikes Back	14.08.2015, 19:06	10
Апокалипсис сегодня (1979)	Apocalypse Now	14.08.2015, 19:04	10
Планета Ка-Пэкс (2001)	K-PAX	14.08.2015, 19:03	9
Могила светлячков (1988)	Hotaru no haka	14.08.2015, 18:57	10
Назад в будущее 2 (1989)	Back to the Future Part II	14.08.2015, 18:50	10
Эффект бабочки (2003)	The Butterfly Effect	14.08.2015, 18:47	9
Спасти рядового Райана (1998)	Saving Private Ryan	14.08.2015, 18:46	10
Укрощение строптивого (1980)	Il bisbetico domato	14.08.2015, 18:46	8
Изгой (2000)	Cast Away	14.08.2015, 18:44	8
Собачье сердце (1988)	 	14.08.2015, 18:43	9
Хэллоуин (1978)	Halloween	13.08.2015, 18:18	9
Самый пьяный округ в мире (2012)	Lawless	13.08.2015, 18:16	7
Большой переполох в маленьком Китае (1986)	Big Trouble in Little China	09.08.2015, 23:47	9
Черный ястреб (2001)	Black Hawk Down	07.08.2015, 00:52	9
Номер 44 (2014)	Child 44	07.08.2015, 00:47	5
7 дней в аду (2015)	7 Days in Hell	04.08.2015, 22:29	7
Чужие среди нас (1988)	They Live	02.08.2015, 23:31	8
Дневник памяти (2004)	The Notebook	01.08.2015, 20:57	8
Третий лишний 2 (2015)	Ted 2	27.07.2015, 22:03	5
Батальонъ (2014)	 	24.07.2015, 23:53	7
Пиксели (2015)	Pixels	24.07.2015, 23:51	7
Дикая (2014)	Wild	05.07.2015, 00:02	6
Терминатор: Генезис (2015)	Terminator Genisys	04.07.2015, 01:12	8
А зори здесь тихие... (2015)	 	26.06.2015, 00:11	7
Факап, или Хуже не бывает (2014)	Nicht mein Tag	22.06.2015, 00:35	7
Мир Юрского периода (2015)	Jurassic World	17.06.2015, 20:59	7
Парк Юрского периода (1993)	Jurassic Park	11.06.2015, 22:54	10
Кунг Фьюри (2015)	Kung Fury	11.06.2015, 00:23	8
Влюбись в меня, если осмелишься (2003)	Jeux d'enfants	09.06.2015, 00:20	8
Джеки в царстве женщин (2013)	Jacky au royaume des filles	09.06.2015, 00:19	7
Робот по имени Чаппи (2015)	Chappie	07.06.2015, 00:49	8
Пятьдесят оттенков серого (2015)	Fifty Shades of Grey	04.06.2015, 09:28	4
Безумный Макс (1979)	Mad Max	28.05.2015, 00:03	7
Форсаж 7 (2015)	Fast & Furious 7	23.05.2015, 00:04	4
Восхождение Юпитер (2015)	Jupiter Ascending	15.05.2015, 21:47	6
Kingsman: Секретная служба (2015)	Kingsman: The Secret Service	11.05.2015, 01:14	7
Битва за Севастополь (2015)	 	04.05.2015, 23:00	6
Интимные места (2013)	 	25.04.2015, 21:59	6
Снайпер (2014)	American Sniper	16.04.2015, 23:21	8
Мад (2012)	Mud	13.04.2015, 22:26	8
Линкольн для адвоката (2011)	The Lincoln Lawyer	11.04.2015, 23:32	8
Как поймать монстра (2014)	Lost River	08.04.2015, 22:07	8
Сапожник (2014)	The Cobbler	25.03.2015, 23:09	7
Пирамида (2014)	The Pyramid	15.03.2015, 22:27	6
Исход: Цари и боги (2014)	Exodus: Gods and Kings	09.03.2015, 23:09	6
Вселенная Стивена Хокинга (2014)	The Theory of Everything	06.03.2015, 23:32	8
Изгоняющий дьявола (1973)	The Exorcist	01.03.2015, 01:24	8
Джон Уик (2014)	John Wick	26.02.2015, 00:17	6
Эта дурацкая любовь (2011)	Crazy, Stupid, Love.	22.02.2015, 23:51	7
Игра Эндера (2013)	Ender's Game	20.02.2015, 23:09	7
Тупой и еще тупее 2 (2014)	Dumb and Dumber To	10.02.2015, 22:45	7
Далласский клуб покупателей (2013)	Dallas Buyers Club	09.02.2015, 22:38	8
Бёрдмэн (2014)	Birdman or (The Unexpected Virtue of Ignorance)	07.02.2015, 00:02	9
Только бог простит (2012)	Only God Forgives	01.02.2015, 23:01	7
Соседи. На тропе войны (2014)	Neighbors	01.02.2015, 18:36	7
Валентинка (2010)	Blue Valentine	31.01.2015, 18:29	9
Место под соснами (2012)	The Place Beyond the Pines	31.01.2015, 01:17	10
Дракула (2014)	Dracula Untold	26.01.2015, 23:48	6
Репортаж (2007)	[Rec]	24.01.2015, 21:16	9
Репортаж из преисподней (2009)	[Rec]²	24.01.2015, 21:16	8
Репортаж: Апокалипсис (2014)	[REC] 4: Apocalipsis	24.01.2015, 21:15	6
Ёлки 1914 (2014)	 	24.01.2015, 01:48	8
Гость (2013)	The Guest	21.01.2015, 23:26	8
Путешествие Гектора в поисках счастья (2014)	Hector and the Search for Happiness	19.01.2015, 20:23	9
Сладкая жизнь (сериал, 2014 – 2016)	 	18.01.2015, 23:16	8
Левиафан (2014)	 	12.01.2015, 23:56	9
Кухня (сериал, 2012 – 2016)	 	12.01.2015, 07:17	7
Хиросима, моя любовь (1959)	Hiroshima mon amour	12.01.2015, 07:13	8
Мечтатели (2003)	The Dreamers	12.01.2015, 07:09	9
Полночь в Париже (2011)	Midnight in Paris	12.01.2015, 07:08	9
Интервью (2014)	The Interview	12.01.2015, 07:05	8
Время (2011)	In Time	10.01.2015, 21:17	6
Зелёный Шершень (2011)	The Green Hornet	10.01.2015, 00:30	7
Живая сталь (2011)	Real Steel	08.01.2015, 23:17	7
Август Раш (2007)	August Rush	07.01.2015, 23:59	8
Предложение (2009)	The Proposal	07.01.2015, 00:59	7
Милая Фрэнсис (2012)	Frances Ha	04.01.2015, 22:42	9
Голодные игры (2012)	The Hunger Games	01.01.2015, 22:36	6
Геракл (2014)	Hercules	01.01.2015, 13:20	7
Настоящий детектив (сериал, 2014 – ...)	True Detective	26.12.2014, 23:50	9
Доброе утро, Вьетнам (1987)	Good Morning, Vietnam	21.12.2014, 19:35	9
Бивень (2014)	Tusk	20.12.2014, 22:28	6
Исчезнувшая (2014)	Gone Girl	19.12.2014, 22:30	9
Страсти Дон Жуана (2013)	Don Jon	18.12.2014, 22:55	7
Скорый «Москва-Россия» (2014)	 	14.12.2014, 18:24	7
Газетчик (2012)	The Paperboy	13.12.2014, 23:49	6
Драйв (2011)	Drive	13.12.2014, 21:32	10
Любовь с первого взгляда (2014)	Two Night Stand	12.12.2014, 21:24	9
Будь моим парнем на пять минут (2008)	Nick and Norah's Infinite Playlist	30.11.2014, 17:05	10
Она (2013)	Her	30.11.2014, 17:05	8
Призраки бывших подружек (2009)	Ghosts of Girlfriends Past	23.11.2014, 12:47	8
Интерстеллар (2014)	Interstellar	13.11.2014, 20:10	10
Магия лунного света (2014)	Magic in the Moonlight	01.10.2014, 21:58	8
Поля смерти (1984)	The Killing Fields	28.09.2014, 02:34	9
Ветер крепчает (2013)	Kaze tachinu	11.09.2014, 00:59	8
Страна приливов (2005)	Tideland	12.08.2014, 07:18	7
Большая афера (2013)	The Grand Seduction	10.08.2014, 02:27	9
Need for Speed: Жажда скорости (2014)	Need for Speed	22.07.2014, 23:56	8
Пластик (2014)	Plastic	19.07.2014, 01:01	8
Брат (1997)	 	08.07.2014, 23:08	10
Брестская крепость (2010)	 	21.06.2014, 17:49	9
Годзилла (2014)	Godzilla	27.05.2014, 00:22	8
Курьер (1986)	 	25.05.2014, 19:29	9
Адмиралъ (2008)	 	07.05.2014, 23:29	8
Конец света 2013: Апокалипсис по-голливудски (2013)	This Is the End	03.05.2014, 02:26	8
Армагеддон (1998)	Armageddon	03.05.2014, 02:25	8
Олимпиус Инферно (2009)	 	22.04.2014, 23:00	7
Армагеддец (2013)	The World's End	09.04.2014, 23:50	8
Собутыльники (2013)	Drinking Buddies	06.04.2014, 22:49	8
Волк с Уолл-стрит (2013)	The Wolf of Wall Street	06.04.2014, 18:33	9
Годзилла (1954)	Gojira	06.04.2014, 00:53	7
Дом с паранормальными явлениями (2013)	A Haunted House	05.04.2014, 23:15	4
Рыцари королевства Крутизны (2012)	Knights of Badassdom	05.04.2014, 22:46	6
Географ глобус пропил (2013)	 	03.04.2014, 20:34	8
Воровка книг (2013)	The Book Thief	02.04.2014, 00:39	8
Сакко и Ванцетти (1971)	Sacco e Vanzetti	29.03.2014, 20:48	9
Рок-волна (2009)	The Boat That Rocked	29.03.2014, 16:50	9
Королевство полной луны (2012)	Moonrise Kingdom	29.03.2014, 16:49	8
Отель «Гранд Будапешт» (2014)	The Grand Budapest Hotel	26.03.2014, 22:53	9
В пасти безумия (1994)	In the Mouth of Madness	22.03.2014, 23:23	7
Гагарин. Первый в космосе (2013)	 	12.02.2014, 20:30	7
Я шагаю по Москве (1963)	 	12.02.2014, 20:24	9
Закрытые пространства (2008)	 	08.02.2014, 20:39	8
Мобильный воин Гандам Зета (сериал, 1985 – 1986)	Kidô senshi Z Gundam	28.01.2014, 18:13	8
Мобильный воин Гандам 0083: Память о Звездной пыли (сериал, 1991 – 1992)	Kidô senshi Gundam 0083: Stardust Memory	14.01.2014, 21:00	8
Человек из стали (2013)	Man of Steel	05.01.2014, 22:25	6
Железный человек 3 (2013)	Iron Man Three	05.01.2014, 22:25	8
Сталинград (2013)	 	03.01.2014, 19:06	7
Большой Лебовски (1998)	The Big Lebowski	13.11.2013, 22:09	10
Джуно (2007)	Juno	02.11.2013, 21:26	8
Соланин (2010)	Soranin	02.11.2013, 01:52	9
Побег из Нью-Йорка (1981)	Escape from New York	29.10.2013, 22:18	9
Тор (2011)	Thor	19.09.2013, 16:39	8
Первый мститель (2011)	Captain America: The First Avenger	19.09.2013, 13:21	7
Мстители (2012)	The Avengers	18.09.2013, 12:45	9
Лицо со шрамом (1983)	Scarface	11.09.2013, 23:20	9
Доктор Ноу (1962)	Dr. No	09.09.2013, 22:31	8
За Маркса... (2012)	 	07.09.2013, 23:25	9
Великий Гэтсби (2013)	The Great Gatsby	25.08.2013, 23:48	8
Тусовщики из супермаркета (1995)	Mallrats	13.08.2013, 20:45	10
Клерки 2 (2006)	Clerks II	13.08.2013, 20:44	9
Зак и Мири снимают порно (2008)	Zack and Miri Make a Porno	13.08.2013, 20:44	9
Девушка из Джерси (2004)	Jersey Girl	13.08.2013, 20:42	8
Очень страшное кино 5 (2013)	Scary Movie 5	13.08.2013, 20:41	5
В погоне за Эми (1996)	Chasing Amy	07.08.2013, 00:10	9
Клерки (1994)	Clerks.	04.08.2013, 21:54	7
Отвязные каникулы (2012)	Spring Breakers	24.06.2013, 01:08	6
Мальчишник 2: Из Вегаса в Бангкок (2011)	The Hangover Part II	06.06.2013, 00:45	7
Мальчишник в Вегасе (2009)	The Hangover	05.06.2013, 22:23	8
21 и больше (2013)	21 & Over	03.06.2013, 01:54	7
Стартрек: Возмездие (2013)	Star Trek Into Darkness	14.05.2013, 22:49	9
Звездный путь (2009)	Star Trek	14.05.2013, 07:53	8
Чужие (1986)	Aliens	12.05.2013, 22:12	9
Чужой (1979)	Alien	11.05.2013, 00:38	8
Железный человек 2 (2010)	Iron Man 2	05.05.2013, 17:17	8
Железный человек (2008)	Iron Man	05.05.2013, 03:10	8
Барбарелла (1968)	Barbarella	28.04.2013, 01:24	6
Обитель зла: Возмездие (2012)	Resident Evil: Retribution	27.04.2013, 20:34	3
Звездный Крейсер Галактика: Кровь и Хром (2012)	Battlestar Galactica: Blood & Chrome	10.04.2013, 21:11	7
Каприка (сериал, 2009 – 2010)	Caprica	10.04.2013, 21:09	7
Двойная страховка (1944)	Double Indemnity	04.04.2013, 22:24	7
Разгуливая мертвым (1936)	The Walking Dead	04.04.2013, 20:08	6
Где-то в ночи (1946)	Somewhere in the Night	04.04.2013, 20:07	8
Тень сомнения (1942)	Shadow of a Doubt	04.04.2013, 20:05	8
Метро (2012)	 	04.04.2013, 20:02	8
Муви 43 (2013)	Movie 43	02.03.2013, 12:26	8
Психоаналитик (2009)	Shrink	16.02.2013, 21:40	7
Красота по-американски (1999)	American Beauty	16.02.2013, 14:07	9
У моря (2004)	Beyond the Sea	15.02.2013, 02:26	9
Охотники на гангстеров (2013)	Gangster Squad	23.01.2013, 23:22	7
Третий лишний (2012)	Ted	16.11.2012, 02:09	7
Новый Человек-паук (2012)	The Amazing Spider-Man	16.11.2012, 02:07	7
Монстры на каникулах (2012)	Hotel Transylvania	16.11.2012, 02:06	8
Грязная кампания за честные выборы (2012)	The Campaign	16.11.2012, 02:05	6
Обитель зла 4: Жизнь после смерти 3D (2010)	Resident Evil: Afterlife	31.08.2012, 19:50	5
Над кольцом (1994)	Above the Rim	27.08.2012, 23:03	8
Очень плохая училка (2011)	Bad Teacher	26.08.2012, 18:20	6
Миссия «Серенити» (2005)	Serenity	23.08.2012, 21:30	9
Хижина в лесу (2011)	The Cabin in the Woods	22.08.2012, 22:08	9
Светлячок (сериал, 2002 – 2003)	Firefly	22.08.2012, 20:23	9
Хорошая жизнь (2007)	The Good Life	19.08.2012, 21:42	8
Зловещие мертвецы 3: Армия тьмы (1992)	Army of Darkness	16.08.2012, 20:46	9
Зловещие мертвецы 2 (1987)	Evil Dead II	16.08.2012, 16:45	9
Зловещие мертвецы (1981)	The Evil Dead	15.08.2012, 22:27	8
Безумные похороны (2004)	Eulogy	15.08.2012, 15:09	7
Гигантик (2008)	Gigantic	14.08.2012, 22:01	8
Репортаж со свадьбы (2011)	[Rec]³: Génesis	12.08.2012, 20:08	7
Храбрые перцем (2010)	Your Highness	12.08.2012, 18:46	6
Любовь и прочие неприятности (2006)	Failure to Launch	07.08.2012, 23:15	7
SuperПерцы (2007)	Superbad	07.08.2012, 23:14	6
Бунтующая юность (2009)	Youth in Revolt	06.08.2012, 21:37	8
Американский пирог: Все в сборе (2012)	American Reunion	01.08.2012, 20:55	8
Явление (2008)	The Happening	31.07.2012, 21:34	8
Поворот не туда 2: Тупик (2007)	Wrong Turn 2: Dead End	30.07.2012, 21:52	7
Крутой парень (2002)	The New Guy	29.07.2012, 22:48	7
Жизнь прекрасна (2011)	50/50	29.07.2012, 20:20	9
Больше чем секс (2010)	No Strings Attached	29.07.2012, 16:17	7
Темный рыцарь: Возрождение легенды (2012)	The Dark Knight Rises	26.07.2012, 22:26	10
Пять бутылок водки (2002)	 	22.07.2012, 14:21	10
Зеленый слоник (1999)	 	22.07.2012, 14:20	9
Мост в Терабитию (2006)	Bridge to Terabithia	21.07.2012, 16:35	8
Донни Дарко (2001)	Donnie Darko	19.07.2012, 21:08	7
Звездный крейсер Галактика (сериал, 2004 – 2009)	Battlestar Galactica	06.04.2012, 22:41	10
Всегда говори «ДА» (2008)	Yes Man	03.12.2011, 19:32	9
12 стульев (1971)	 	21.11.2011, 23:59	9
Красный штат (2011)	Red State	21.11.2011, 14:24	9
Цена страха (1956)	The Price of Fear	15.11.2011, 19:40	7
Бегущий по лезвию (1982)	Blade Runner	15.11.2011, 19:38	9
Святые из Бундока (1999)	The Boondock Saints	21.10.2011, 00:27	10
Три незнакомца (1946)	Three Strangers	18.10.2011, 23:56	9
Где живет опасность (1950)	Where Danger Lives	18.10.2011, 23:55	8
Скотт Пилигрим против всех (2010)	Scott Pilgrim vs. the World	15.10.2011, 00:24	10
Контроль (2007)	Control	15.10.2011, 00:24	10
Четырнадцать часов (1951)	Fourteen Hours	13.10.2011, 22:39	8
Мёртв по прибытии (1949)	D.O.A.	11.10.2011, 19:53	7
Мальтийский сокол (1941)	The Maltese Falcon	10.10.2011, 20:45	9
500 дней лета (2009)	(500) Days of Summer	10.10.2011, 14:48	10
Унесённые призраками (2001)	Sen to Chihiro no kamikakushi	04.10.2010, 00:23	8
Властелин колец: Братство кольца (2001)	The Lord of the Rings: The Fellowship of the Ring	04.10.2010, 00:22	7
Молчание ягнят (1990)	The Silence of the Lambs	04.10.2010, 00:22	9
Поймай меня, если сможешь (2002)	Catch Me If You Can	04.10.2010, 00:22	8
Человек дождя (1988)	Rain Man	04.10.2010, 00:21	9
Титаник (1997)	Titanic	04.10.2010, 00:21	10
Властелин колец: Возвращение Короля (2003)	The Lord of the Rings: The Return of the King	04.10.2010, 00:21	7
Терминатор 2: Судный день (1991)	Terminator 2: Judgment Day	04.10.2010, 00:20	9
Пианист (2002)	The Pianist	04.10.2010, 00:19	9
Гладиатор (2000)	Gladiator	04.10.2010, 00:19	9
Пролетая над гнездом кукушки (1975)	One Flew Over the Cuckoo's Nest	04.10.2010, 00:18	9
Карты, деньги, два ствола (1998)	Lock, Stock and Two Smoking Barrels	04.10.2010, 00:17	8
Назад в будущее (1985)	Back to the Future	04.10.2010, 00:16	10
Игры разума (2001)	A Beautiful Mind	04.10.2010, 00:16	7
Жизнь прекрасна (1997)	La vita è bella	04.10.2010, 00:15	10
Крестный отец (1972)	The Godfather	04.10.2010, 00:15	10
Бешеные псы (1991)	Reservoir Dogs	04.10.2010, 00:13	10
Бойцовский клуб (1999)	Fight Club	04.10.2010, 00:12	9
Достучаться до небес (1997)	Knockin' on Heaven's Door	04.10.2010, 00:11	9
Список Шиндлера (1993)	Schindler's List	04.10.2010, 00:10	10
Леон (1994)	Léon	04.10.2010, 00:09	10
Зеленая миля (1999)	The Green Mile	04.10.2010, 00:09	10
Форрест Гамп (1994)	Forrest Gump	04.10.2010, 00:08	10
Нечто (1982)	The Thing	04.10.2010, 00:07	9
Сердце, наполненное любовью (2005)	Kono mune ippai no ai wo	04.10.2010, 00:04	9
Бандаж (2010)	Bandeiji	04.10.2010, 00:04	9
Начало (2010)	Inception	04.10.2010, 00:03	9
Особое мнение (2002)	Minority Report	04.10.2010, 00:02	9
Телефонная будка (2002)	Phone Booth	04.10.2010, 00:01	9
Легенды ночных стражей (2010)	Legend of the Guardians: The Owls of Ga’Hoole	03.10.2010, 23:57	8
Детям до 16... (2010)	 	03.10.2010, 23:55	7
Зомби по имени Шон (2004)	Shaun of the Dead	03.10.2010, 14:04	10
Бэтмен: Начало (2005)	Batman Begins	03.10.2010, 14:03	9
Сумерки. Сага. Новолуние (2009)	The Twilight Saga: New Moon	03.10.2010, 14:01	6
Сумерки (2008)	Twilight	03.10.2010, 13:59	4
Большой куш (2000)	Snatch	03.10.2010, 13:57	9
Принц Персии: Пески времени (2010)	Prince of Persia: The Sands of Time	03.10.2010, 13:56	8
Постал (2007)	Postal	03.10.2010, 13:53	9
Пипец (2010)	Kick-Ass	03.10.2010, 13:48	9
Американская история X (1998)	American History X	03.10.2010, 13:43	8
Темный рыцарь (2008)	The Dark Knight	03.10.2010, 13:36	10
Тройной форсаж: Токийский дрифт (2006)	The Fast and the Furious: Tokyo Drift	27.03.2010, 15:14	8
Мобильный воин Гандам: Поколение (сериал, 2002 – 2003)	Kidô senshi Gundam Seed	27.03.2010, 14:59	9
Мобильный воин Гандам 00 (сериал, 2007 – 2009)	Kidô Senshi Gundam 00	27.03.2010, 14:58	9
Нана (2005)	Nana	27.03.2010, 14:57	9
Добро пожаловать в Zомбилэнд (2009)	Zombieland	27.03.2010, 14:52	8
Скала (1996)	The Rock	27.03.2010, 14:50	8
Аватар (2009)	Avatar	27.03.2010, 14:48	8
Кандагар (2009)	 	27.03.2010, 14:46	6
Враг мой (1985)	Enemy Mine	27.03.2010, 14:42	9
